station_no, road_link, location                       , aadt  , aadt_excl_mc_rickshaw, aadt_pcu, aadt_pcu_excl_mc_rickshaw, fiscal_year, hourly_detail_url
        58, F02301   , Satdobato South (Chapagaun)    ,   5275,                  1765,     4348,                      2593, 2011/12    , https://ssrn.dor.gov.np/traffic_controller/get_detail/Satdobato South -2Chapagaun-1/58
        58, F02301   , Satdobato South (Chapagaun)    ,  20735,                  7202,    16313,                      9543, 2012/13    , https://ssrn.dor.gov.np/traffic_controller/get_detail/Satdobato South -2Chapagaun-1/218
        58, F02301   , Satdobato South (Chapagaun)    ,  13598,                  4484,     9981,                      5406, 2014/15    , https://ssrn.dor.gov.np/traffic_controller/get_detail/Satdobato South -2Chapagaun-1/378
        58, F02301   , Satdobato South (Chapagaun)    ,  21698,                  6498,    16083,                      7819, 2015/16    , https://ssrn.dor.gov.np/traffic_controller/get_detail/Satdobato South -2Chapagaun-1/538
        58, F02301   , Satdobato South (Chapagaun)    ,  11404,                  4209,     9583,                      5960, 2016/17    , https://ssrn.dor.gov.np/traffic_controller/get_detail/Satdobato South -2Chapagaun-1/698
        58, F02301   , Satdobato South (Chapagaun)    ,  26387,                  9398,    20333,                     11489, 2018/19    , https://ssrn.dor.gov.np/traffic_controller/get_detail/Satdobato South -2Chapagaun-1/858
        58, F02301   , Satdobato South (Chapagaun)    ,  29898,                  8034,    20718,                      9777, 2020/21    , https://ssrn.dor.gov.np/traffic_controller/get_detail/Satdobato South -2Chapagaun-1/1018
        58, F02301   , Satdobato South (Chapagaun)    ,  27099,                  7315,    18562,                      8665, 2021/22    , https://ssrn.dor.gov.np/traffic_controller/get_detail/Satdobato South -2Chapagaun-1/1178
        58, F02301   , Satdobato South (Chapagaun)    ,  29443,                  7372,    19318,                      8270, 2022/23    , https://ssrn.dor.gov.np/traffic_controller/get_detail/Satdobato South -2Chapagaun-1/1338
        58, F02301   , Satdobato South (Chapagaun)    ,  39194,                 11117,    27821,                     13778, 2024/25    , https://ssrn.dor.gov.np/traffic_controller/get_detail/Satdobato South -2Chapagaun-1/1575
        59, F02401   , Satdobato Junction South       ,  21156,                  9371,    19075,                     13106, 2011/12    , https://ssrn.dor.gov.np/traffic_controller/get_detail/Satdobato Junction South/59
        59, F02401   , Satdobato Junction South       ,  24372,                  9115,    20159,                     12520, 2012/13    , https://ssrn.dor.gov.np/traffic_controller/get_detail/Satdobato Junction South/219
        59, F02401   , Satdobato Junction South       ,  22479,                  7371,    17218,                      9647, 2014/15    , https://ssrn.dor.gov.np/traffic_controller/get_detail/Satdobato Junction South/379
        59, F02401   , Satdobato Junction South       ,  26866,                 13677,    28879,                     22276, 2015/16    , https://ssrn.dor.gov.np/traffic_controller/get_detail/Satdobato Junction South/539
        59, F02401   , Satdobato Junction South       ,  24927,                  7909,    19092,                     10574, 2016/17    , https://ssrn.dor.gov.np/traffic_controller/get_detail/Satdobato Junction South/699
        59, F02401   , Satdobato Junction South       ,  44319,                 14357,    34380,                     19399, 2018/19    , https://ssrn.dor.gov.np/traffic_controller/get_detail/Satdobato Junction South/859
        59, F02401   , Satdobato Junction South       ,  59288,                 17377,    42079,                     21101, 2020/21    , https://ssrn.dor.gov.np/traffic_controller/get_detail/Satdobato Junction South/1019
        59, F02401   , Satdobato Junction South       ,  40471,                 16177,    31802,                     19655, 2021/22    , https://ssrn.dor.gov.np/traffic_controller/get_detail/Satdobato Junction South/1179
        59, F02401   , Satdobato Junction South       ,  59150,                 18339,    42811,                     22389, 2022/23    , https://ssrn.dor.gov.np/traffic_controller/get_detail/Satdobato Junction South/1339
        59, F02401   , Satdobato Junction South       ,  59498,                 18147,    42779,                     22103, 2024/25    , https://ssrn.dor.gov.np/traffic_controller/get_detail/Satdobato Junction South/1591
        60, H1614    , Ring Road (Manohara Bridge)    ,  46237,                 18818,    39432,                     25723, 2011/12    , https://ssrn.dor.gov.np/traffic_controller/get_detail/Ring Road -2Manohara Bridge-1/60
        60, H1614    , Ring Road (Manohara Bridge)    ,  39245,                 17889,    35678,                     24988, 2012/13    , https://ssrn.dor.gov.np/traffic_controller/get_detail/Ring Road -2Manohara Bridge-1/220
        60, H1614    , Ring Road (Manohara Bridge)    ,  39471,                 15284,    35719,                     22993, 2014/15    , https://ssrn.dor.gov.np/traffic_controller/get_detail/Ring Road -2Manohara Bridge-1/380
        60, H1614    , Ring Road (Manohara Bridge)    ,  37343,                 13985,    32788,                     21109, 2015/16    , https://ssrn.dor.gov.np/traffic_controller/get_detail/Ring Road -2Manohara Bridge-1/540
        60, H1614    , Ring Road (Manohara Bridge)    ,  31887,                 13320,    28743,                     19460, 2016/17    , https://ssrn.dor.gov.np/traffic_controller/get_detail/Ring Road -2Manohara Bridge-1/700
        60, H1614    , Ring Road (Manohara Bridge)    ,  75028,                 27207,    59518,                     35190, 2018/19    , https://ssrn.dor.gov.np/traffic_controller/get_detail/Ring Road -2Manohara Bridge-1/860
        60, NH39-015 , Ring Road (Manohara Bridge)    ,  83250,                 29387,    67732,                     40789, 2020/21    , https://ssrn.dor.gov.np/traffic_controller/get_detail/Ring Road -2Manohara Bridge-1/1020
        60, NH39-015 , Ring Road (Manohara Bridge)    , 103215,                 29857,    80223,                     43540, 2021/22    , https://ssrn.dor.gov.np/traffic_controller/get_detail/Ring Road -2Manohara Bridge-1/1180
        60, NH39-015 , Ring Road (Manohara Bridge)    ,  86260,                 27498,    66419,                     37034, 2022/23    , https://ssrn.dor.gov.np/traffic_controller/get_detail/Ring Road -2Manohara Bridge-1/1340
        60, NH39-015 , Ring Road (Manohara Bridge)    ,  56800,                 18928,    44308,                     25370, 2024/25    , https://ssrn.dor.gov.np/traffic_controller/get_detail/Ring Road -2Manohara Bridge-1/1578
        61, H1611    , Ring Road (Balkhu East)        ,  61327,                 19981,    46786,                     26113, 2011/12    , https://ssrn.dor.gov.np/traffic_controller/get_detail/Ring Road -2Balkhu East-1/65
        61, H1611    , Ring Road (Balkhu East)        ,  50241,                 20881,    42035,                     27355, 2012/13    , https://ssrn.dor.gov.np/traffic_controller/get_detail/Ring Road -2Balkhu East-1/225
        61, H1611    , Ring Road (Balkhu East)        ,  43065,                 20413,    40142,                     28815, 2014/15    , https://ssrn.dor.gov.np/traffic_controller/get_detail/Ring Road -2Balkhu East-1/385
        61, H1611    , Ring Road (Balkhu East)        ,  44211,                 18581,    38261,                     25008, 2015/16    , https://ssrn.dor.gov.np/traffic_controller/get_detail/Ring Road -2Balkhu East-1/545
        61, H1611    , Ring Road (Balkhu East)        ,  26749,                 12397,    27110,                     19932, 2016/17    , https://ssrn.dor.gov.np/traffic_controller/get_detail/Ring Road -2Balkhu East-1/701
        61, H1611    , Ring Road (Balkhu East)        ,  51468,                 21808,    46869,                     32017, 2018/19    , https://ssrn.dor.gov.np/traffic_controller/get_detail/Ring Road -2Balkhu East-1/861
        61, NH39-012 , Ring Road (Balkhu East)        ,  65327,                 23100,    55531,                     34415, 2020/21    , https://ssrn.dor.gov.np/traffic_controller/get_detail/Ring Road -2Balkhu East-1/1021
        61, NH39-012 , Ring Road (Balkhu East)        ,  56466,                 22871,    49612,                     32813, 2021/22    , https://ssrn.dor.gov.np/traffic_controller/get_detail/Ring Road -2Balkhu East-1/1181
        61, NH39-012 , Ring Road (Balkhu East)        ,  58604,                 22240,    48922,                     30740, 2022/23    , https://ssrn.dor.gov.np/traffic_controller/get_detail/Ring Road -2Balkhu East-1/1341
        61, NH39-012 , Ring Road (Balkhu East)        ,  49521,                 19335,    42638,                     27543, 2024/25    , https://ssrn.dor.gov.np/traffic_controller/get_detail/Ring Road -2Balkhu East-1/1579
        62, F02801   , Kharipati                      ,   7638,                  1624,     5272,                      2265, 2011/12    , https://ssrn.dor.gov.np/traffic_controller/get_detail/Kharipati/62
        62, F02801   , Kharipati                      ,   4002,                  1177,     3148,                      1735, 2012/13    , https://ssrn.dor.gov.np/traffic_controller/get_detail/Kharipati/222
        62, F02801   , Kharipati                      ,   3913,                  1279,     3238,                      1808, 2014/15    , https://ssrn.dor.gov.np/traffic_controller/get_detail/Kharipati/382
        62, F02801   , Kharipati                      ,   4749,                  1274,     3490,                      1753, 2015/16    , https://ssrn.dor.gov.np/traffic_controller/get_detail/Kharipati/542
        62, F02801   , Kharipati                      ,   6306,                  1569,     4638,                      2270, 2016/17    , https://ssrn.dor.gov.np/traffic_controller/get_detail/Kharipati/702
        62, F02801   , Kharipati                      ,  10675,                  2415,     7820,                      3690, 2018/19    , https://ssrn.dor.gov.np/traffic_controller/get_detail/Kharipati/862
        62, F02801   , Kharipati                      ,  20223,                  4047,    14025,                      5932, 2020/21    , https://ssrn.dor.gov.np/traffic_controller/get_detail/Kharipati/1022
        62, F02801   , Kharipati                      ,  21825,                  4850,    15304,                      6816, 2021/22    , https://ssrn.dor.gov.np/traffic_controller/get_detail/Kharipati/1182
        62, F02801   , Kharipati                      ,  17851,                  4250,    12438,                      5629, 2022/23    , https://ssrn.dor.gov.np/traffic_controller/get_detail/Kharipati/1342
        62, F02801   , Kharipati                      ,  11619,                  3330,     9076,                      4931, 2024/25    , https://ssrn.dor.gov.np/traffic_controller/get_detail/Kharipati/1565
        63, H0305    , Hanumante Bridge               ,  14640,                  6005,    14248,                      9931, 2011/12    , https://ssrn.dor.gov.np/traffic_controller/get_detail/Hanumante Bridge/63
        63, H0305    , Hanumante Bridge               ,  18031,                  6935,    17259,                     11711, 2012/13    , https://ssrn.dor.gov.np/traffic_controller/get_detail/Hanumante Bridge/223
        63, H0305    , Hanumante Bridge               ,  26254,                 11616,    27836,                     20516, 2014/15    , https://ssrn.dor.gov.np/traffic_controller/get_detail/Hanumante Bridge/383
        63, H0305    , Hanumante Bridge               ,  34345,                 13487,    33743,                     23313, 2015/16    , https://ssrn.dor.gov.np/traffic_controller/get_detail/Hanumante Bridge/543
        63, H0305    , Hanumante Bridge               ,  23272,                 10265,    23038,                     16535, 2016/17    , https://ssrn.dor.gov.np/traffic_controller/get_detail/Hanumante Bridge/703
        63, H0305    , Hanumante Bridge               ,  43545,                 26666,    54213,                     45774, 2018/19    , https://ssrn.dor.gov.np/traffic_controller/get_detail/Hanumante Bridge/863
        63, NH34-005 , Hanumante Bridge               ,  38625,                 15929,    39046,                     27699, 2020/21    , https://ssrn.dor.gov.np/traffic_controller/get_detail/Hanumante Bridge/1023
        63, NH34-005 , Hanumante Bridge               ,  43529,                 18732,    42274,                     29875, 2021/22    , https://ssrn.dor.gov.np/traffic_controller/get_detail/Hanumante Bridge/1183
        63, NH34-005 , Hanumante Bridge               ,  38118,                 15850,    37508,                     26373, 2022/23    , https://ssrn.dor.gov.np/traffic_controller/get_detail/Hanumante Bridge/1343
        63, NH34-005 , Hanumante Bridge               ,  26956,                 13785,    29843,                     23257, 2024/25    , https://ssrn.dor.gov.np/traffic_controller/get_detail/Hanumante Bridge/1581
        64, H0303    , Manohara Bridge                ,  48105,                 16127,    39004,                     23015, 2011/12    , https://ssrn.dor.gov.np/traffic_controller/get_detail/Manohara Bridge/64
        64, H0303    , Manohara Bridge                ,  49192,                 17893,    41610,                     25961, 2012/13    , https://ssrn.dor.gov.np/traffic_controller/get_detail/Manohara Bridge/224
        64, H0303    , Manohara Bridge                ,  71317,                 24238,    59584,                     36041, 2014/15    , https://ssrn.dor.gov.np/traffic_controller/get_detail/Manohara Bridge/384
        64, H0303    , Manohara Bridge                ,  69945,                 23340,    56098,                     31936, 2015/16    , https://ssrn.dor.gov.np/traffic_controller/get_detail/Manohara Bridge/544
        64, H0303    , Manohara Bridge                ,  94712,                 29372,    75155,                     42485, 2016/17    , https://ssrn.dor.gov.np/traffic_controller/get_detail/Manohara Bridge/704
        64, H0303    , Manohara Bridge                , 113727,                 36705,    90582,                     52072, 2018/19    , https://ssrn.dor.gov.np/traffic_controller/get_detail/Manohara Bridge/864
        64, NH34-003 , Manohara Bridge                , 135521,                 37519,   102251,                     53244, 2020/21    , https://ssrn.dor.gov.np/traffic_controller/get_detail/Manohara Bridge/1024
        64, NH34-003 , Manohara Bridge                , 119096,                 37587,    93868,                     53108, 2021/22    , https://ssrn.dor.gov.np/traffic_controller/get_detail/Manohara Bridge/1184
        64, NH34-003 , Manohara Bridge                , 111445,                 32858,    84666,                     45372, 2022/23    , https://ssrn.dor.gov.np/traffic_controller/get_detail/Manohara Bridge/1344
        64, NH34-003 , Manohara Bridge                ,  98086,                 31304,    75453,                     42061, 2024/25    , https://ssrn.dor.gov.np/traffic_controller/get_detail/Manohara Bridge/1582
        65, H1602    , Ring Road (Sinamangal)         ,  31253,                 15422,    31979,                     23999, 2011/12    , https://ssrn.dor.gov.np/traffic_controller/get_detail/Ring Road -2Sinamangal-1/61
        65, H1602    , Ring Road (Sinamangal)         ,  28566,                 15350,    29869,                     23258, 2012/13    , https://ssrn.dor.gov.np/traffic_controller/get_detail/Ring Road -2Sinamangal-1/221
        65, H1602    , Ring Road (Sinamangal)         ,  34345,                 15376,    33392,                     23900, 2014/15    , https://ssrn.dor.gov.np/traffic_controller/get_detail/Ring Road -2Sinamangal-1/381
        65, H1602    , Ring Road (Sinamangal)         ,  33871,                 14740,    33512,                     23946, 2015/16    , https://ssrn.dor.gov.np/traffic_controller/get_detail/Ring Road -2Sinamangal-1/541
        65, H1602    , Ring Road (Sinamangal)         ,  46501,                 22168,    42260,                     30094, 2016/17    , https://ssrn.dor.gov.np/traffic_controller/get_detail/Ring Road -2Sinamangal-1/705
        65, H1602    , Ring Road (Sinamangal)         ,  73738,                 32418,    65015,                     44356, 2018/19    , https://ssrn.dor.gov.np/traffic_controller/get_detail/Ring Road -2Sinamangal-1/865
        65, NH39-002 , Ring Road (Sinamangal)         ,  55126,                 22655,    46340,                     30104, 2020/21    , https://ssrn.dor.gov.np/traffic_controller/get_detail/Ring Road -2Sinamangal-1/1025
        65, NH39-002 , Ring Road (Sinamangal)         ,  59139,                 23424,    49605,                     31748, 2021/22    , https://ssrn.dor.gov.np/traffic_controller/get_detail/Ring Road -2Sinamangal-1/1185
        65, NH39-002 , Ring Road (Sinamangal)         ,  60578,                 24192,    49978,                     31785, 2022/23    , https://ssrn.dor.gov.np/traffic_controller/get_detail/Ring Road -2Sinamangal-1/1345
        65, NH39-002 , Ring Road (Sinamangal)         ,  60154,                 24764,    49091,                     31397, 2024/25    , https://ssrn.dor.gov.np/traffic_controller/get_detail/Ring Road -2Sinamangal-1/1583
        66, F02602   , Chabahil East                  ,  17665,                  6841,    14826,                      9414, 2011/12    , https://ssrn.dor.gov.np/traffic_controller/get_detail/Chabahil East/66
        66, F02602   , Chabahil East                  ,  14451,                  5184,    11923,                      7290, 2012/13    , https://ssrn.dor.gov.np/traffic_controller/get_detail/Chabahil East/226
        66, F02602   , Chabahil East                  ,  54519,                 21483,    43237,                     26719, 2014/15    , https://ssrn.dor.gov.np/traffic_controller/get_detail/Chabahil East/386
        66, F02602   , Chabahil East                  ,  59002,                 15911,    42256,                     20700, 2015/16    , https://ssrn.dor.gov.np/traffic_controller/get_detail/Chabahil East/546
        66, F02602   , Chabahil East                  ,  46963,                 18548,    38090,                     23882, 2016/17    , https://ssrn.dor.gov.np/traffic_controller/get_detail/Chabahil East/706
        66, F02602   , Chabahil East                  ,  58545,                 23139,    49075,                     31372, 2018/19    , https://ssrn.dor.gov.np/traffic_controller/get_detail/Chabahil East/866
        66, F02602   , Chabahil East                  ,  49907,                 11308,    35476,                     16141, 2020/21    , https://ssrn.dor.gov.np/traffic_controller/get_detail/Chabahil East/1026
        66, F02602   , Chabahil East                  ,  47610,                 13383,    35692,                     18540, 2021/22    , https://ssrn.dor.gov.np/traffic_controller/get_detail/Chabahil East/1186
        66, F02602   , Chabahil East                  ,  42955,                 11606,    31505,                     15822, 2022/23    , https://ssrn.dor.gov.np/traffic_controller/get_detail/Chabahil East/1346
        66, F02602   , Chabahil East                  ,  50164,                 12541,    34510,                     15693, 2024/25    , https://ssrn.dor.gov.np/traffic_controller/get_detail/Chabahil East/1505
        67, F02701   , Jorpati North                  ,   8450,                  2875,     7158,                      4370, 2011/12    , https://ssrn.dor.gov.np/traffic_controller/get_detail/Jorpati North/67
        67, F02701   , Jorpati North                  ,   6243,                  2324,     5254,                      3294, 2012/13    , https://ssrn.dor.gov.np/traffic_controller/get_detail/Jorpati North/227
        67, F02701   , Jorpati North                  ,  11875,                  3697,     9518,                      5428, 2014/15    , https://ssrn.dor.gov.np/traffic_controller/get_detail/Jorpati North/387
        67, F02701   , Jorpati North                  ,  10273,                  2711,     7676,                      3890, 2015/16    , https://ssrn.dor.gov.np/traffic_controller/get_detail/Jorpati North/547
        67, F02701   , Jorpati North                  ,  14135,                  4300,    11061,                      6140, 2016/17    , https://ssrn.dor.gov.np/traffic_controller/get_detail/Jorpati North/707
        67, F02701   , Jorpati North                  ,  12200,                  3908,    10126,                      5981, 2018/19    , https://ssrn.dor.gov.np/traffic_controller/get_detail/Jorpati North/867
        67, F02701   , Jorpati North                  ,   9326,                  3364,     8216,                      5214, 2020/21    , https://ssrn.dor.gov.np/traffic_controller/get_detail/Jorpati North/1027
        67, F02701   , Jorpati North                  ,  17220,                  5348,    13668,                      7708, 2021/22    , https://ssrn.dor.gov.np/traffic_controller/get_detail/Jorpati North/1187
        67, F02701   , Jorpati North                  ,  23034,                  5501,    16117,                      7345, 2022/23    , https://ssrn.dor.gov.np/traffic_controller/get_detail/Jorpati North/1347
        67, F02701   , Jorpati North                  ,  26188,                  5615,    17807,                      7515, 2024/25    , https://ssrn.dor.gov.np/traffic_controller/get_detail/Jorpati North/1585
        68, H1606    , Ring Road (Narayan Gopal Chowk),  41091,                 19389,    36402,                     25551, 2011/12    , https://ssrn.dor.gov.np/traffic_controller/get_detail/Ring Road -2Narayan Gopal Chowk-1/68
        68, H1606    , Ring Road (Narayan Gopal Chowk),  38695,                 16298,    33598,                     22399, 2012/13    , https://ssrn.dor.gov.np/traffic_controller/get_detail/Ring Road -2Narayan Gopal Chowk-1/228
        68, H1606    , Ring Road (Narayan Gopal Chowk),  44007,                 19205,    39798,                     27353, 2014/15    , https://ssrn.dor.gov.np/traffic_controller/get_detail/Ring Road -2Narayan Gopal Chowk-1/388
        68, H1606    , Ring Road (Narayan Gopal Chowk),  26000,                 13236,    27947,                     21557, 2015/16    , https://ssrn.dor.gov.np/traffic_controller/get_detail/Ring Road -2Narayan Gopal Chowk-1/548
        68, H1606    , Ring Road (Narayan Gopal Chowk),  38994,                 18847,    37613,                     27539, 2016/17    , https://ssrn.dor.gov.np/traffic_controller/get_detail/Ring Road -2Narayan Gopal Chowk-1/708
        68, H1606    , Ring Road (Narayan Gopal Chowk),  91255,                 28418,    71815,                     40397, 2018/19    , https://ssrn.dor.gov.np/traffic_controller/get_detail/Ring Road -2Narayan Gopal Chowk-1/868
        68, NH39-006 , Ring Road (Narayan Gopal Chowk),  58064,                 20414,    48454,                     29629, 2020/21    , https://ssrn.dor.gov.np/traffic_controller/get_detail/Ring Road -2Narayan Gopal Chowk-1/1028
        68, NH39-006 , Ring Road (Narayan Gopal Chowk),  71490,                 23990,    57873,                     34099, 2021/22    , https://ssrn.dor.gov.np/traffic_controller/get_detail/Ring Road -2Narayan Gopal Chowk-1/1188
        68, NH39-006 , Ring Road (Narayan Gopal Chowk),  69233,                 25825,    56923,                     35218, 2022/23    , https://ssrn.dor.gov.np/traffic_controller/get_detail/Ring Road -2Narayan Gopal Chowk-1/1348
        68, NH39-006 , Ring Road (Narayan Gopal Chowk),  70123,                 20936,    53170,                     28574, 2024/25    , https://ssrn.dor.gov.np/traffic_controller/get_detail/Ring Road -2Narayan Gopal Chowk-1/1586
        69, F02502   , Gangalal Hospital North        ,  22423,                  9294,    17550,                     10985, 2011/12    , https://ssrn.dor.gov.np/traffic_controller/get_detail/Gangalal Hospital North/69
        69, F02502   , Gangalal Hospital North        ,  17206,                  7487,    13689,                      8830, 2012/13    , https://ssrn.dor.gov.np/traffic_controller/get_detail/Gangalal Hospital North/229
        69, F02502   , Gangalal Hospital North        ,  26535,                 10355,    19950,                     11860, 2014/15    , https://ssrn.dor.gov.np/traffic_controller/get_detail/Gangalal Hospital North/389
        69, F02502   , Gangalal Hospital North        ,  41830,                 14573,    34470,                     20831, 2015/16    , https://ssrn.dor.gov.np/traffic_controller/get_detail/Gangalal Hospital North/549
        69, F02502   , Gangalal Hospital North        ,  29544,                 11988,    22695,                     13918, 2016/17    , https://ssrn.dor.gov.np/traffic_controller/get_detail/Gangalal Hospital North/709
        69, F02502   , Gangalal Hospital North        ,  50815,                 19345,    39211,                     23476, 2018/19    , https://ssrn.dor.gov.np/traffic_controller/get_detail/Gangalal Hospital North/869
        69, F02502   , Gangalal Hospital North        ,  42998,                 14283,    31595,                     17237, 2020/21    , https://ssrn.dor.gov.np/traffic_controller/get_detail/Gangalal Hospital North/1029
        69, F02502   , Gangalal Hospital North        ,  38052,                 13942,    28416,                     16351, 2021/22    , https://ssrn.dor.gov.np/traffic_controller/get_detail/Gangalal Hospital North/1189
        69, F02502   , Gangalal Hospital North        ,  43431,                 14182,    31523,                     16891, 2022/23    , https://ssrn.dor.gov.np/traffic_controller/get_detail/Gangalal Hospital North/1349
        69, F02502   , Gangalal Hospital North        ,  45025,                 12944,    29328,                     15315, 2024/25    , https://ssrn.dor.gov.np/traffic_controller/get_detail/Gangalal Hospital North/1587
        70, F02103   , Balaju Bypass North            ,  13411,                  4313,    10174,                      5625, 2011/12    , https://ssrn.dor.gov.np/traffic_controller/get_detail/Balaju Bypass North/70
        70, F02103   , Balaju Bypass North            ,  20223,                  4622,    14032,                      6231, 2012/13    , https://ssrn.dor.gov.np/traffic_controller/get_detail/Balaju Bypass North/230
        70, F02103   , Balaju Bypass North            ,  22482,                  7121,    17401,                      9706, 2014/15    , https://ssrn.dor.gov.np/traffic_controller/get_detail/Balaju Bypass North/390
        70, F02103   , Balaju Bypass North            ,  29011,                  8081,    21424,                     10289, 2015/16    , https://ssrn.dor.gov.np/traffic_controller/get_detail/Balaju Bypass North/550
        70, F02103   , Balaju Bypass North            ,   7745,                  2178,     6006,                      3222, 2016/17    , https://ssrn.dor.gov.np/traffic_controller/get_detail/Balaju Bypass North/710
        70, F02103   , Balaju Bypass North            ,  22302,                 11943,    22711,                     17531, 2018/19    , https://ssrn.dor.gov.np/traffic_controller/get_detail/Balaju Bypass North/870
        70, NH18-001 , Balaju Bypass North            ,  17304,                  4068,    12649,                      6023, 2020/21    , https://ssrn.dor.gov.np/traffic_controller/get_detail/Balaju Bypass North/1030
        70, NH18-001 , Balaju Bypass North            ,  21112,                  4177,    14149,                      5681, 2021/22    , https://ssrn.dor.gov.np/traffic_controller/get_detail/Balaju Bypass North/1190
        70, NH18-001 , Balaju Bypass North            ,  19091,                  4450,    13776,                      6450, 2022/23    , https://ssrn.dor.gov.np/traffic_controller/get_detail/Balaju Bypass North/1350
        70, NH18-001 , Balaju Bypass North            ,   5547,                  1592,     4798,                      2821, 2024/25    , https://ssrn.dor.gov.np/traffic_controller/get_detail/Balaju Bypass North/1589
        71, H1608    , Ring Road (Banasthali)         ,  21153,                 14530,    25841,                     22529, 2011/12    , https://ssrn.dor.gov.np/traffic_controller/get_detail/Ring Road -2Banasthali-1/71
        71, H1608    , Ring Road (Banasthali)         ,  27582,                 17545,    31811,                     26788, 2012/13    , https://ssrn.dor.gov.np/traffic_controller/get_detail/Ring Road -2Banasthali-1/231
        71, H1608    , Ring Road (Banasthali)         ,  24770,                 12170,    24563,                     18263, 2014/15    , https://ssrn.dor.gov.np/traffic_controller/get_detail/Ring Road -2Banasthali-1/391
        71, H1608    , Ring Road (Banasthali)         ,  33868,                 15725,    33466,                     24392, 2015/16    , https://ssrn.dor.gov.np/traffic_controller/get_detail/Ring Road -2Banasthali-1/551
        71, H1608    , Ring Road (Banasthali)         ,  38734,                 19066,    39722,                     29888, 2016/17    , https://ssrn.dor.gov.np/traffic_controller/get_detail/Ring Road -2Banasthali-1/711
        71, H1608    , Ring Road (Banasthali)         ,  56124,                 27292,    58512,                     44096, 2018/19    , https://ssrn.dor.gov.np/traffic_controller/get_detail/Ring Road -2Banasthali-1/871
        71, NH39-009 , Ring Road (Banasthali)         ,  51458,                 21477,    47569,                     32578, 2020/21    , https://ssrn.dor.gov.np/traffic_controller/get_detail/Ring Road -2Banasthali-1/1031
        71, NH39-009 , Ring Road (Banasthali)         ,  54982,                 22526,    51425,                     35171, 2021/22    , https://ssrn.dor.gov.np/traffic_controller/get_detail/Ring Road -2Banasthali-1/1191
        71, NH39-009 , Ring Road (Banasthali)         ,  43679,                 17340,    41147,                     27963, 2022/23    , https://ssrn.dor.gov.np/traffic_controller/get_detail/Ring Road -2Banasthali-1/1351
        71, NH39-009 , Ring Road (Banasthali)         ,  54958,                 22034,    48980,                     32512, 2024/25    , https://ssrn.dor.gov.np/traffic_controller/get_detail/Ring Road -2Banasthali-1/1590
        72, F02201   , T.U. Gate                      ,  23679,                  7688,    17914,                      9919, 2011/12    , https://ssrn.dor.gov.np/traffic_controller/get_detail/T.U. Gate/72
        72, F02201   , T.U. Gate                      ,  20319,                  6411,    16051,                      9097, 2012/13    , https://ssrn.dor.gov.np/traffic_controller/get_detail/T.U. Gate/232
        72, F02201   , T.U. Gate                      ,  15558,                  5637,    13466,                      8506, 2014/15    , https://ssrn.dor.gov.np/traffic_controller/get_detail/T.U. Gate/392
        72, F02201   , T.U. Gate                      ,  13915,                  5647,    12181,                      8047, 2015/16    , https://ssrn.dor.gov.np/traffic_controller/get_detail/T.U. Gate/552
        72, F02201   , T.U. Gate                      ,  24595,                  7102,    18709,                      9962, 2016/17    , https://ssrn.dor.gov.np/traffic_controller/get_detail/T.U. Gate/712
        72, F02201   , T.U. Gate                      ,  25145,                  9916,    21585,                     13971, 2018/19    , https://ssrn.dor.gov.np/traffic_controller/get_detail/T.U. Gate/872
        72, F02201   , T.U. Gate                      ,  23803,                  8806,    19723,                     12224, 2020/21    , https://ssrn.dor.gov.np/traffic_controller/get_detail/T.U. Gate/1032
        72, F02201   , T.U. Gate                      ,  23526,                  9016,    19634,                     12378, 2021/22    , https://ssrn.dor.gov.np/traffic_controller/get_detail/T.U. Gate/1192
        72, F02201   , T.U. Gate                      ,  23192,                  8125,    18794,                     11256, 2022/23    , https://ssrn.dor.gov.np/traffic_controller/get_detail/T.U. Gate/1352
        72, F02201   , T.U. Gate                      ,  24537,                  9025,    19689,                     11932, 2024/25    , https://ssrn.dor.gov.np/traffic_controller/get_detail/T.U. Gate/1607
        73, F02202   , Taudaha                        ,   5781,                  1952,     4586,                      2671, 2011/12    , https://ssrn.dor.gov.np/traffic_controller/get_detail/Taudaha/73
        73, F02202   , Taudaha                        ,  10947,                  8173,    27110,                     25723, 2012/13    , https://ssrn.dor.gov.np/traffic_controller/get_detail/Taudaha/233
        73, F02202   , Taudaha                        ,   5805,                  2524,     5142,                      3502, 2014/15    , https://ssrn.dor.gov.np/traffic_controller/get_detail/Taudaha/393
        73, F02202   , Taudaha                        ,   5340,                  1953,     4354,                      2661, 2015/16    , https://ssrn.dor.gov.np/traffic_controller/get_detail/Taudaha/553
        73, F02202   , Taudaha                        ,   6652,                  2943,     6305,                      4451, 2016/17    , https://ssrn.dor.gov.np/traffic_controller/get_detail/Taudaha/713
        73, F02202   , Taudaha                        ,  10923,                  4562,     9507,                      6326, 2018/19    , https://ssrn.dor.gov.np/traffic_controller/get_detail/Taudaha/873
        73, F02202   , Taudaha                        ,  10469,                  3815,     8445,                      5117, 2020/21    , https://ssrn.dor.gov.np/traffic_controller/get_detail/Taudaha/1033
        73, F02202   , Taudaha                        ,  11150,                  4329,     9047,                      5637, 2021/22    , https://ssrn.dor.gov.np/traffic_controller/get_detail/Taudaha/1193
        73, F02202   , Taudaha                        ,  11162,                  3415,     8609,                      4736, 2022/23    , https://ssrn.dor.gov.np/traffic_controller/get_detail/Taudaha/1353
        73, F02202   , Taudaha                        ,  13571,                  4781,    10684,                      6289, 2024/25    , https://ssrn.dor.gov.np/traffic_controller/get_detail/Taudaha/1592
        74, H0214    , Nagdhunga                      ,   9773,                  8668,    20497,                     19945, 2011/12    , https://ssrn.dor.gov.np/traffic_controller/get_detail/Nagdhunga/74
        74, H0214    , Nagdhunga                      ,   7899,                  6653,    15926,                     15303, 2012/13    , https://ssrn.dor.gov.np/traffic_controller/get_detail/Nagdhunga/234
        74, H0214    , Nagdhunga                      ,   9178,                  7531,    16017,                     15191, 2014/15    , https://ssrn.dor.gov.np/traffic_controller/get_detail/Nagdhunga/394
        74, H0214    , Nagdhunga                      ,  10692,                  8769,    22096,                     21135, 2015/16    , https://ssrn.dor.gov.np/traffic_controller/get_detail/Nagdhunga/554
        74, H0214    , Nagdhunga                      ,  11872,                  9260,    22132,                     20826, 2016/17    , https://ssrn.dor.gov.np/traffic_controller/get_detail/Nagdhunga/714
        74, H0214    , Nagdhunga                      ,  12953,                 10606,    26733,                     25560, 2018/19    , https://ssrn.dor.gov.np/traffic_controller/get_detail/Nagdhunga/874
        74, NH41-013 , Nagdhunga                      ,  13929,                 10531,    24898,                     23199, 2020/21    , https://ssrn.dor.gov.np/traffic_controller/get_detail/Nagdhunga/1034
        74, NH41-013 , Nagdhunga                      ,  13662,                 10313,    25837,                     24163, 2021/22    , https://ssrn.dor.gov.np/traffic_controller/get_detail/Nagdhunga/1194
        74, NH41-013 , Nagdhunga                      ,  11490,                  8898,    21370,                     20074, 2022/23    , https://ssrn.dor.gov.np/traffic_controller/get_detail/Nagdhunga/1354
        74, NH41-013 , Nagdhunga                      ,   8441,                  6639,    16377,                     15477, 2024/25    , https://ssrn.dor.gov.np/traffic_controller/get_detail/Nagdhunga/1593
       154, H1607    , Narayan Gopal Chowk West       ,  36550,                 16687,    33704,                     23773, 2011/12    , https://ssrn.dor.gov.np/traffic_controller/get_detail/Narayan Gopal Chowk West/154
       154, H1607    , Narayan Gopal Chowk West       ,  38268,                 17420,    34854,                     24428, 2012/13    , https://ssrn.dor.gov.np/traffic_controller/get_detail/Narayan Gopal Chowk West/314
       154, H1607    , Narayan Gopal Chowk West       ,  42286,                 18515,    38949,                     27063, 2014/15    , https://ssrn.dor.gov.np/traffic_controller/get_detail/Narayan Gopal Chowk West/474
       154, H1607    , Narayan Gopal Chowk West       ,  41751,                 16774,    36259,                     23771, 2015/16    , https://ssrn.dor.gov.np/traffic_controller/get_detail/Narayan Gopal Chowk West/634
       154, H1607    , Narayan Gopal Chowk West       ,  50084,                 21363,    44422,                     30062, 2016/17    , https://ssrn.dor.gov.np/traffic_controller/get_detail/Narayan Gopal Chowk West/794
       154, H1607    , Narayan Gopal Chowk West       ,  88792,                 28908,    72089,                     42147, 2018/19    , https://ssrn.dor.gov.np/traffic_controller/get_detail/Narayan Gopal Chowk West/954
       154, NH39-007 , Narayan Gopal Chowk West       ,  65647,                 22258,    54040,                     32338, 2020/21    , https://ssrn.dor.gov.np/traffic_controller/get_detail/Narayan Gopal Chowk West/1114
       154, NH39-007 , Narayan Gopal Chowk West       ,  65305,                 21392,    51922,                     29964, 2021/22    , https://ssrn.dor.gov.np/traffic_controller/get_detail/Narayan Gopal Chowk West/1274
       154, NH39-007 , Narayan Gopal Chowk West       ,  66965,                 21959,    53921,                     31408, 2022/23    , https://ssrn.dor.gov.np/traffic_controller/get_detail/Narayan Gopal Chowk West/1434
       154, NH39-007 , Narayan Gopal Chowk West       ,  58533,                 19500,    47894,                     28377, 2024/25    , https://ssrn.dor.gov.np/traffic_controller/get_detail/Narayan Gopal Chowk West/1512
       155, F02501   , Narayan Gopal Chowk South      ,  26857,                 13259,    22297,                     15495, 2011/12    , https://ssrn.dor.gov.np/traffic_controller/get_detail/Narayan Gopal Chowk South/155
       155, F02501   , Narayan Gopal Chowk South      ,  29533,                 12202,    22859,                     14188, 2012/13    , https://ssrn.dor.gov.np/traffic_controller/get_detail/Narayan Gopal Chowk South/315
       155, F02501   , Narayan Gopal Chowk South      ,  28777,                 13977,    24270,                     16871, 2014/15    , https://ssrn.dor.gov.np/traffic_controller/get_detail/Narayan Gopal Chowk South/475
       155, F02501   , Narayan Gopal Chowk South      ,  43211,                 14880,    31939,                     17774, 2015/16    , https://ssrn.dor.gov.np/traffic_controller/get_detail/Narayan Gopal Chowk South/635
       155, F02501   , Narayan Gopal Chowk South      ,  43219,                 16658,    32605,                     19325, 2016/17    , https://ssrn.dor.gov.np/traffic_controller/get_detail/Narayan Gopal Chowk South/795
       155, F02501   , Narayan Gopal Chowk South      ,  57045,                 21645,    44270,                     26570, 2018/19    , https://ssrn.dor.gov.np/traffic_controller/get_detail/Narayan Gopal Chowk South/955
       155, F02501   , Narayan Gopal Chowk South      ,  41438,                 13054,    30052,                     15852, 2020/21    , https://ssrn.dor.gov.np/traffic_controller/get_detail/Narayan Gopal Chowk South/1115
       155, F02501   , Narayan Gopal Chowk South      ,  47924,                 14541,    34338,                     17638, 2021/22    , https://ssrn.dor.gov.np/traffic_controller/get_detail/Narayan Gopal Chowk South/1275
       155, F02501   , Narayan Gopal Chowk South      ,  58124,                 19394,    42452,                     23077, 2022/23    , https://ssrn.dor.gov.np/traffic_controller/get_detail/Narayan Gopal Chowk South/1435
       155, F02501   , Narayan Gopal Chowk South      ,  50332,                 16279,    36184,                     19154, 2024/25    , https://ssrn.dor.gov.np/traffic_controller/get_detail/Narayan Gopal Chowk South/1513
       156, F07501   , Sitapaila South                ,   3653,                  1270,     2875,                      1684, 2011/12    , https://ssrn.dor.gov.np/traffic_controller/get_detail/Sitapaila South/156
       156, F07501   , Sitapaila South                ,   4477,                  1323,     3336,                      1759, 2012/13    , https://ssrn.dor.gov.np/traffic_controller/get_detail/Sitapaila South/316
       156, F07501   , Sitapaila South                ,  33638,                 16513,    34510,                     25944, 2014/15    , https://ssrn.dor.gov.np/traffic_controller/get_detail/Sitapaila South/476
       156, F07501   , Sitapaila South                ,  42705,                 20036,    42736,                     30889, 2015/16    , https://ssrn.dor.gov.np/traffic_controller/get_detail/Sitapaila South/636
       156, F07501   , Sitapaila South                ,   7192,                  1966,     5039,                      2426, 2016/17    , https://ssrn.dor.gov.np/traffic_controller/get_detail/Sitapaila South/796
       156, F07501   , Sitapaila South                ,  45938,                 21059,    47157,                     34718, 2018/19    , https://ssrn.dor.gov.np/traffic_controller/get_detail/Sitapaila South/956
       156, NH21-001 , Sitapaila South                ,  11097,                  2989,     7785,                      3732, 2020/21    , https://ssrn.dor.gov.np/traffic_controller/get_detail/Sitapaila South/1116
       156, NH21-001 , Sitapaila South                ,  11478,                  3140,     8299,                      4130, 2021/22    , https://ssrn.dor.gov.np/traffic_controller/get_detail/Sitapaila South/1276
       156, NH21-001 , Sitapaila South                ,  22267,                  5414,    14884,                      6457, 2022/23    , https://ssrn.dor.gov.np/traffic_controller/get_detail/Sitapaila South/1436
       156, NH21-001 , Sitapaila South                ,  19896,                  5702,    14115,                      7019, 2024/25    , https://ssrn.dor.gov.np/traffic_controller/get_detail/Sitapaila South/1514
       157, H1610    , Kalanki                        ,  30176,                 15271,    31293,                     23840, 2011/12    , https://ssrn.dor.gov.np/traffic_controller/get_detail/Kalanki/157
       157, H1610    , Kalanki                        ,  29411,                 13186,    27729,                     19616, 2012/13    , https://ssrn.dor.gov.np/traffic_controller/get_detail/Kalanki/317
       157, H1610    , Kalanki                        ,  25050,                 11940,    25603,                     19048, 2014/15    , https://ssrn.dor.gov.np/traffic_controller/get_detail/Kalanki/477
       157, H1610    , Kalanki                        ,  27734,                 14223,    29861,                     22809, 2015/16    , https://ssrn.dor.gov.np/traffic_controller/get_detail/Kalanki/637
       157, H1610    , Kalanki                        ,  22446,                 10809,    25165,                     19346, 2016/17    , https://ssrn.dor.gov.np/traffic_controller/get_detail/Kalanki/797
       157, H1610    , Kalanki                        ,  31116,                 15075,    35485,                     27464, 2018/19    , https://ssrn.dor.gov.np/traffic_controller/get_detail/Kalanki/957
       157, NH39-011 , Kalanki                        ,  59744,                 24487,    54720,                     37090, 2020/21    , https://ssrn.dor.gov.np/traffic_controller/get_detail/Kalanki/1117
       157, NH39-011 , Kalanki                        ,  48668,                 21831,    46009,                     32591, 2021/22    , https://ssrn.dor.gov.np/traffic_controller/get_detail/Kalanki/1277
       157, NH39-011 , Kalanki                        ,  67292,                 28014,    57759,                     38119, 2022/23    , https://ssrn.dor.gov.np/traffic_controller/get_detail/Kalanki/1437
       157, NH39-011 , Kalanki                        ,  62669,                 23229,    53030,                     33310, 2024/25    , https://ssrn.dor.gov.np/traffic_controller/get_detail/Kalanki/1515
       158, F07201   , Gwarko East                    ,  17981,                  4517,    12620,                      5863, 2011/12    , https://ssrn.dor.gov.np/traffic_controller/get_detail/Gwarko East/158
       158, F07201   , Gwarko East                    ,  22574,                  5167,    15365,                      6645, 2012/13    , https://ssrn.dor.gov.np/traffic_controller/get_detail/Gwarko East/318
       158, F07201   , Gwarko East                    ,  23484,                  5157,    15782,                      6616, 2014/15    , https://ssrn.dor.gov.np/traffic_controller/get_detail/Gwarko East/478
       158, F07201   , Gwarko East                    ,  34374,                  7264,    23393,                      9761, 2015/16    , https://ssrn.dor.gov.np/traffic_controller/get_detail/Gwarko East/638
       158, F07201   , Gwarko East                    ,  35525,                  7339,    23747,                      9654, 2016/17    , https://ssrn.dor.gov.np/traffic_controller/get_detail/Gwarko East/798
       158, F07201   , Gwarko East                    ,  55865,                 12424,    38289,                     15896, 2018/19    , https://ssrn.dor.gov.np/traffic_controller/get_detail/Gwarko East/958
       158, NH15-001 , Gwarko East                    ,  53608,                 12963,    36497,                     16150, 2020/21    , https://ssrn.dor.gov.np/traffic_controller/get_detail/Gwarko East/1118
       158, NH15-001 , Gwarko East                    ,  66175,                 13596,    42514,                     16217, 2021/22    , https://ssrn.dor.gov.np/traffic_controller/get_detail/Gwarko East/1278
       158, NH15-001 , Gwarko East                    ,  59529,                 12162,    38088,                     14398, 2022/23    , https://ssrn.dor.gov.np/traffic_controller/get_detail/Gwarko East/1438
       158, NH15-001 , Gwarko East                    ,  53995,                 11811,    35021,                     13920, 2024/25    , https://ssrn.dor.gov.np/traffic_controller/get_detail/Gwarko East/1516
       159, F09401   , Byasi Chowk North              ,  10842,                  2964,     8623,                      4684, 2011/12    , https://ssrn.dor.gov.np/traffic_controller/get_detail/Byasi Chowk North/159
       159, F09401   , Byasi Chowk North              ,   9991,                  2859,     8007,                      4441, 2012/13    , https://ssrn.dor.gov.np/traffic_controller/get_detail/Byasi Chowk North/319
       159, F09401   , Byasi Chowk North              ,   2470,                   764,     2021,                      1168, 2014/15    , https://ssrn.dor.gov.np/traffic_controller/get_detail/Byasi Chowk North/479
       159, F09401   , Byasi Chowk North              ,   5178,                  1612,     4526,                      2744, 2015/16    , https://ssrn.dor.gov.np/traffic_controller/get_detail/Byasi Chowk North/639
       159, F09401   , Byasi Chowk North              ,   4901,                  1006,     3443,                      1495, 2016/17    , https://ssrn.dor.gov.np/traffic_controller/get_detail/Byasi Chowk North/799
       159, F09401   , Byasi Chowk North              ,   5349,                  1184,     3784,                      1701, 2018/19    , https://ssrn.dor.gov.np/traffic_controller/get_detail/Byasi Chowk North/959
       159, F09401   , Byasi Chowk North              ,   8892,                  1763,     6117,                      2551, 2020/21    , https://ssrn.dor.gov.np/traffic_controller/get_detail/Byasi Chowk North/1119
       159, F09401   , Byasi Chowk North              ,   8949,                  1975,     6380,                      2894, 2021/22    , https://ssrn.dor.gov.np/traffic_controller/get_detail/Byasi Chowk North/1279
       159, F09401   , Byasi Chowk North              ,   8173,                  1765,     5749,                      2545, 2022/23    , https://ssrn.dor.gov.np/traffic_controller/get_detail/Byasi Chowk North/1439
       159, F09401   , Byasi Chowk North              ,   7978,                  1824,     5610,                      2533, 2024/25    , https://ssrn.dor.gov.np/traffic_controller/get_detail/Byasi Chowk North/1502
       160, H1613    , Satdobato North                ,  30978,                 14899,    30077,                     22038, 2011/12    , https://ssrn.dor.gov.np/traffic_controller/get_detail/Satdobato North/160
       160, H1613    , Satdobato North                ,  31068,                 13930,    28368,                     19798, 2012/13    , https://ssrn.dor.gov.np/traffic_controller/get_detail/Satdobato North/320
       160, H1613    , Satdobato North                ,  29613,                 12746,    27663,                     19227, 2014/15    , https://ssrn.dor.gov.np/traffic_controller/get_detail/Satdobato North/480
       160, H1613    , Satdobato North                ,  45121,                 18124,    42192,                     28693, 2015/16    , https://ssrn.dor.gov.np/traffic_controller/get_detail/Satdobato North/640
       160, H1613    , Satdobato North                ,  28708,                 12864,    27691,                     19768, 2016/17    , https://ssrn.dor.gov.np/traffic_controller/get_detail/Satdobato North/800
       160, H1613    , Satdobato North                ,  60174,                 25665,    56555,                     39300, 2018/19    , https://ssrn.dor.gov.np/traffic_controller/get_detail/Satdobato North/960
       160, NH39-014 , Satdobato North                ,  64749,                 25318,    55180,                     35463, 2020/21    , https://ssrn.dor.gov.np/traffic_controller/get_detail/Satdobato North/1120
       160, NH39-014 , Satdobato North                ,  78318,                 28301,    64965,                     39956, 2021/22    , https://ssrn.dor.gov.np/traffic_controller/get_detail/Satdobato North/1280
       160, NH39-014 , Satdobato North                ,  63251,                 27412,    56228,                     38301, 2022/23    , https://ssrn.dor.gov.np/traffic_controller/get_detail/Satdobato North/1440
       160, NH39-014 , Satdobato North                ,  55157,                 23004,    48833,                     32754, 2024/25    , https://ssrn.dor.gov.np/traffic_controller/get_detail/Satdobato North/1519
        78, H0212    , Naubise West (TRP)             ,    552,                   378,      899,                       812, 2011/12    , https://ssrn.dor.gov.np/traffic_controller/get_detail/Naubise West -2TRP-1/78
        78, H0212    , Naubise West (TRP)             ,    619,                   403,      852,                       744, 2012/13    , https://ssrn.dor.gov.np/traffic_controller/get_detail/Naubise West -2TRP-1/238
        78, H0212    , Naubise West (TRP)             ,   1151,                   534,     1258,                       949, 2014/15    , https://ssrn.dor.gov.np/traffic_controller/get_detail/Naubise West -2TRP-1/398
        78, H0212    , Naubise West (TRP)             ,    580,                   374,      770,                       666, 2015/16    , https://ssrn.dor.gov.np/traffic_controller/get_detail/Naubise West -2TRP-1/558
        78, H0212    , Naubise West (TRP)             ,   1235,                   666,     1656,                      1372, 2016/17    , https://ssrn.dor.gov.np/traffic_controller/get_detail/Naubise West -2TRP-1/718
        78, H0212    , Naubise West (TRP)             ,   1637,                   711,     1971,                      1508, 2018/19    , https://ssrn.dor.gov.np/traffic_controller/get_detail/Naubise West -2TRP-1/878
        78, NH41-011 , Naubise West (TRP)             ,   1417,                   767,     1606,                      1281, 2020/21    , https://ssrn.dor.gov.np/traffic_controller/get_detail/Naubise West -2TRP-1/1038
        78, NH41-011 , Naubise West (TRP)             ,    748,                   354,      921,                       724, 2021/22    , https://ssrn.dor.gov.np/traffic_controller/get_detail/Naubise West -2TRP-1/1198
        78, NH41-011 , Naubise West (TRP)             ,    563,                   257,      577,                       424, 2022/23    , https://ssrn.dor.gov.np/traffic_controller/get_detail/Naubise West -2TRP-1/1358
        78, NH41-011 , Naubise West (TRP)             ,    617,                   319,      811,                       662, 2024/25    , https://ssrn.dor.gov.np/traffic_controller/get_detail/Naubise West -2TRP-1/1597
        53, H0310    , Dhulikhel East                 ,   2964,                  1895,     4305,                      3770, 2011/12    , https://ssrn.dor.gov.np/traffic_controller/get_detail/Dhulikhel East/53
        53, H0310    , Dhulikhel East                 ,   4107,                  2139,     5312,                      4321, 2012/13    , https://ssrn.dor.gov.np/traffic_controller/get_detail/Dhulikhel East/213
        53, H0310    , Dhulikhel East                 ,   4426,                  3773,     7803,                      7476, 2014/15    , https://ssrn.dor.gov.np/traffic_controller/get_detail/Dhulikhel East/373
        53, H0310    , Dhulikhel East                 ,   3752,                  2688,     5845,                      5307, 2015/16    , https://ssrn.dor.gov.np/traffic_controller/get_detail/Dhulikhel East/533
        53, H0310    , Dhulikhel East                 ,   4828,                  2743,     6753,                      5710, 2016/17    , https://ssrn.dor.gov.np/traffic_controller/get_detail/Dhulikhel East/693
        53, H0310    , Dhulikhel East                 ,   9619,                  6920,    15487,                     14138, 2018/19    , https://ssrn.dor.gov.np/traffic_controller/get_detail/Dhulikhel East/853
        53, NH34-010 , Dhulikhel East                 ,  10291,                  5264,    13069,                     10555, 2020/21    , https://ssrn.dor.gov.np/traffic_controller/get_detail/Dhulikhel East/1013
        53, NH34-010 , Dhulikhel East                 ,   9813,                  6014,    15280,                     13381, 2021/22    , https://ssrn.dor.gov.np/traffic_controller/get_detail/Dhulikhel East/1173
        53, NH34-010 , Dhulikhel East                 ,   7624,                  4763,    11241,                      9810, 2022/23    , https://ssrn.dor.gov.np/traffic_controller/get_detail/Dhulikhel East/1333
        53, NH34-010 , Dhulikhel East                 ,   5953,                  4249,    10177,                      9325, 2024/25    , https://ssrn.dor.gov.np/traffic_controller/get_detail/Dhulikhel East/1570
        54, H0610    , Dhulikhel South                ,   1404,                   807,     1686,                      1388, 2011/12    , https://ssrn.dor.gov.np/traffic_controller/get_detail/Dhulikhel South/54
        54, H0610    , Dhulikhel South                ,   2683,                  1219,     2990,                      2107, 2012/13    , https://ssrn.dor.gov.np/traffic_controller/get_detail/Dhulikhel South/214
        54, H0610    , Dhulikhel South                ,   2893,                  2310,     4602,                      4311, 2014/15    , https://ssrn.dor.gov.np/traffic_controller/get_detail/Dhulikhel South/374
        54, H0610    , Dhulikhel South                ,   2314,                  1534,     3274,                      2850, 2015/16    , https://ssrn.dor.gov.np/traffic_controller/get_detail/Dhulikhel South/534
        54, H0610    , Dhulikhel South                ,   4751,                  2663,     5270,                      4225, 2016/17    , https://ssrn.dor.gov.np/traffic_controller/get_detail/Dhulikhel South/694
        54, H0610    , Dhulikhel South                ,  10088,                  4886,     9208,                      6604, 2018/19    , https://ssrn.dor.gov.np/traffic_controller/get_detail/Dhulikhel South/854
        54, NH13-006 , Dhulikhel South                ,  10286,                  4944,     9912,                      7240, 2020/21    , https://ssrn.dor.gov.np/traffic_controller/get_detail/Dhulikhel South/1014
        54, NH13-006 , Dhulikhel South                ,  11158,                  5842,    11663,                      9005, 2021/22    , https://ssrn.dor.gov.np/traffic_controller/get_detail/Dhulikhel South/1174
        54, NH13-006 , Dhulikhel South                ,   9589,                  4981,     9473,                      7167, 2022/23    , https://ssrn.dor.gov.np/traffic_controller/get_detail/Dhulikhel South/1334
        54, NH13-006 , Dhulikhel South                ,   6082,                  3315,     6653,                      5269, 2024/25    , https://ssrn.dor.gov.np/traffic_controller/get_detail/Dhulikhel South/1571
        55, F02901   , Banepa South                   ,   7695,                  2000,     6223,                      3366, 2011/12    , https://ssrn.dor.gov.np/traffic_controller/get_detail/Banepa South/55
        55, F02901   , Banepa South                   ,   4965,                  2060,     5194,                      3741, 2012/13    , https://ssrn.dor.gov.np/traffic_controller/get_detail/Banepa South/215
        55, F02901   , Banepa South                   ,   9373,                  4359,    10544,                      7921, 2014/15    , https://ssrn.dor.gov.np/traffic_controller/get_detail/Banepa South/375
        55, F02901   , Banepa South                   ,   3632,                  1457,     3820,                      2732, 2015/16    , https://ssrn.dor.gov.np/traffic_controller/get_detail/Banepa South/535
        55, F02901   , Banepa South                   ,   6231,                  2858,     7607,                      5919, 2016/17    , https://ssrn.dor.gov.np/traffic_controller/get_detail/Banepa South/695
        55, F02901   , Banepa South                   ,  12269,                  4603,    10462,                      6539, 2018/19    , https://ssrn.dor.gov.np/traffic_controller/get_detail/Banepa South/855
        55, F02901   , Banepa South                   ,  12021,                  4660,    12341,                      8592, 2020/21    , https://ssrn.dor.gov.np/traffic_controller/get_detail/Banepa South/1015
        55, F02901   , Banepa South                   ,  11578,                  4151,    10046,                      6311, 2021/22    , https://ssrn.dor.gov.np/traffic_controller/get_detail/Banepa South/1175
        55, F02901   , Banepa South                   ,  12745,                  5060,    12327,                      8424, 2022/23    , https://ssrn.dor.gov.np/traffic_controller/get_detail/Banepa South/1335
        55, F02901   , Banepa South                   ,  14403,                  5460,    13781,                      9268, 2024/25    , https://ssrn.dor.gov.np/traffic_controller/get_detail/Banepa South/1458
       150, F02108   , Bidur North                    ,   2386,                   606,     1906,                      1020, 2011/12    , https://ssrn.dor.gov.np/traffic_controller/get_detail/Bidur North/150
       150, F02108   , Bidur North                    ,   2625,                   808,     2188,                      1290, 2012/13    , https://ssrn.dor.gov.np/traffic_controller/get_detail/Bidur North/310
       150, F02108   , Bidur North                    ,   5031,                  1037,     3911,                      1913, 2014/15    , https://ssrn.dor.gov.np/traffic_controller/get_detail/Bidur North/470
       150, F02108   , Bidur North                    ,   4688,                   899,     3554,                      1659, 2015/16    , https://ssrn.dor.gov.np/traffic_controller/get_detail/Bidur North/630
       150, F02108   , Bidur North                    ,   4817,                  1669,     4377,                      2803, 2016/17    , https://ssrn.dor.gov.np/traffic_controller/get_detail/Bidur North/790
       150, F02108   , Bidur North                    ,   3075,                   856,     2635,                      1525, 2018/19    , https://ssrn.dor.gov.np/traffic_controller/get_detail/Bidur North/950
       150, NH42-008 , Bidur North                    ,   7724,                  1823,     6037,                      3086, 2020/21    , https://ssrn.dor.gov.np/traffic_controller/get_detail/Bidur North/1110
       150, NH42-008 , Bidur North                    ,   7900,                  1880,     6146,                      3136, 2021/22    , https://ssrn.dor.gov.np/traffic_controller/get_detail/Bidur North/1270
       150, NH42-008 , Bidur North                    ,   7746,                  1678,     5820,                      2786, 2022/23    , https://ssrn.dor.gov.np/traffic_controller/get_detail/Bidur North/1430
       150, NH42-008 , Bidur North                    ,   8410,                  2149,     6423,                      3293, 2024/25    , https://ssrn.dor.gov.np/traffic_controller/get_detail/Bidur North/1508
